PassengerId,Survived,Pclass,Name,Sex,Age,SibSp,Parch,Ticket,Fare,Cabin,Embarked
1,1,2,"Green, Miss. Linda",female,35.7,0,0,STON/O2442007,10.0,F55,S
2,1,3,"Johnson, Mrs. Sarah",female,40.2,1,0,A/5975641,16.97,,S
3,0,3,"Thomas, Mr. Joseph",male,47.8,0,0,PC117392,12.29,,S
4,1,3,"Rodriguez, Mrs. Linda",female,35.2,0,0,PC172062,26.34,,S
5,1,1,"Baker, Mr. Kenneth",male,22.5,0,1,W./C.241854,52.04,A71,S
6,1,1,"Garcia, Mr. Andrew",male,24.1,0,1,PC843729,113.14,D36,S
7,1,1,"Ramirez, Miss. Patricia",female,29.8,0,0,W./C.653226,63.74,D12,S
8,0,3,"Johnson, Mr. Robert",male,25.7,0,0,881803,17.42,,Q
9,0,3,"Wilson, Mr. Joseph",male,35.0,1,1,W./C.897168,22.81,,S
10,0,3,"Allen, Mr. Edward",male,12.6,0,4,W./C.757159,16.18,,S
11,1,1,"Johnson, Mr. Kenneth",male,49.4,0,1,W./C.746378,77.79,E15,S
12,0,3,"Gonzalez, Mr. Kenneth",male,37.9,0,0,CA447619,30.58,,S
13,0,3,"Clark, Mr. Joseph",male,26.1,0,0,STON/O2970528,8.76,,S
14,0,1,"Lewis, Mr. Andrew",male,42.0,0,0,CA132227,74.88,B76,Q
15,1,1,"Moore, Mrs. Mary",female,,0,0,PC978265,78.3,,C
16,1,1,"Carter, Miss. Barbara",female,18.8,0,0,CA512811,65.84,E91,C
17,0,2,"Hall, Mr. Mark",male,,0,0,A/5336708,10.27,F56,Q
18,0,3,"Perez, Mr. Thomas",male,57.4,0,1,390180,4.0,,S
19,1,2,"Martinez, Master. Richard",male,,0,0,PC866727,10.0,,S
20,0,2,"Carter, Mr. Daniel",male,26.1,0,1,STON/O2942945,31.38,E48,S
21,0,3,"Miller, Mr. Robert",male,27.5,0,0,W./C.558532,13.95,,S
22,1,1,"Harris, Mr. Michael",male,48.7,3,0,A/5190572,100.8,,S
23,0,2,"Thompson, Mr. Matthew",male,41.4,0,0,329484,10.0,E48,S
24,0,2,"Hill, Mr. Thomas",male,41.7,0,1,CA790623,30.5,F59,S
25,0,3,"Williams, Mr. Paul",male,26.4,0,0,CA243159,26.9,,S
26,1,3,"Wright, Mr. Michael",male,21.3,1,0,PC908435,10.56,,S
27,1,1,"Harris, Miss. Jennifer",female,11.0,1,2,159274,139.05,C68,S
28,0,3,"Scott, Miss. Karen",female,31.7,0,0,247580,8.93,,S
29,0,3,"Green, Mr. Edward",male,46.8,4,0,A/5141432,14.18,,S
30,1,1,"White, Mrs. Donna",female,48.1,0,0,PC146543,122.77,B23,S
31,0,3,"Gonzalez, Mr. Robert",male,40.4,0,0,CA455440,4.0,G37,C
32,1,1,"Williams, Miss. Jessica",female,17.0,1,0,810088,139.19,,S
33,1,1,"Roberts, Miss. Karen",female,,1,0,CA91511,142.17,B87,S
34,0,3,"Garcia, Dr. Joseph",male,46.1,0,0,CA822323,16.04,,C
35,0,3,"Miller, Mr. Anthony",male,46.6,0,0,STON/O2804122,4.0,,S
36,0,3,"Moore, Mr. Paul",male,,0,0,STON/O254582,12.26,,S
37,0,2,"Green, Mr. Matthew",male,17.5,0,0,PC123054,27.74,F42,S
38,1,1,"Hernandez, Mr. Matthew",male,,1,0,CA841578,82.25,,S
39,0,3,"Thompson, Mr. Richard",male,29.0,0,0,548421,22.83,,C
40,0,2,"Nelson, Mr. Thomas",male,24.6,0,0,W./C.72144,16.89,,C
41,1,1,"Hall, Mrs. Jennifer",female,24.5,0,0,STON/O2134698,110.84,,S
42,0,3,"Hill, Mrs. Barbara",female,45.4,0,0,A/555383,11.79,,S
43,1,1,"Wright, Mr. Joseph",male,33.3,0,1,CA326298,91.98,D76,S
44,0,3,"Hernandez, Mr. Paul",male,43.3,0,0,20771,19.22,,S
45,1,2,"Harris, Mr. Thomas",male,28.4,4,2,CA830375,25.67,,S
46,1,3,"Green, Dr. Kenneth",male,32.9,1,2,CA974792,14.46,,S
47,1,2,"Anderson, Mrs. Nancy",female,28.9,0,0,W./C.225378,17.71,,S
48,0,3,"Roberts, Mr. John",male,39.5,1,0,W./C.954950,7.98,,S
49,0,3,"Anderson, Dr. John",male,32.0,1,0,PC203757,15.74,,S
50,1,1,"Lee, Mr. Anthony",male,,1,1,378609,62.14,,S
51,0,3,"Moore, Mr. Robert",male,54.0,0,0,CA105189,6.97,,S
52,1,3,"Wilson, Mrs. Donna",female,22.3,0,0,PC896950,9.06,,C
53,1,3,"Rivera, Mrs. Nancy",female,35.3,0,0,997596,11.16,,S
54,0,3,"Wilson, Mr. Steven",male,30.9,0,1,A/5617913,4.0,,S
55,1,3,"Sanchez, Mr. Paul",male,16.1,0,1,A/5379311,23.3,,Q
56,0,3,"Martinez, Mr. Thomas",male,,0,0,PC906677,19.47,,S
57,1,1,"Rodriguez, Mrs. Jessica",female,16.9,0,0,W./C.828730,25.0,B119,S
58,1,1,"Mitchell, Miss. Emily",female,13.0,1,0,652731,56.51,E79,S
59,0,1,"Wright, Mr. Thomas",male,20.2,0,0,PC539435,25.0,B10,S
60,0,2,"Mitchell, Mr. Andrew",male,,0,1,W./C.81656,17.7,,S
61,1,2,"Ramirez, Miss. Donna",female,26.7,3,0,CA869398,39.58,,S
62,1,2,"Sanchez, Mr. Matthew",male,25.6,2,0,W./C.810319,22.45,,S
63,1,3,"Anderson, Mrs. Elizabeth",female,,1,0,CA564527,4.0,,C
64,0,2,"Allen, Mr. Steven",male,49.0,5,1,PC760582,10.05,F23,S
65,1,2,"Garcia, Mr. John",male,20.1,0,1,PC305548,26.2,,S
66,0,3,"Davis, Mr. William",male,43.9,3,0,PC955459,16.83,,C
67,0,1,"Green, Mr. David",male,,0,0,W./C.14539,30.64,B64,S
68,0,3,"Baker, Mr. Mark",male,,0,0,113479,8.67,,C
69,0,1,"Hill, Miss. Jennifer",female,0.5,0,0,PC975190,105.18,E64,S
70,0,3,"Harris, Mr. Anthony",male,15.3,0,0,W./C.902649,12.59,,C
71,0,3,"Hill, Mr. Paul",male,18.1,0,0,507775,25.83,,S
72,0,1,"King, Mr. Thomas",male,,0,0,A/5742045,133.21,,C
73,1,1,"Scott, Master. James",male,,1,2,W./C.204118,105.15,B62,Q
74,0,3,"Baker, Mr. Michael",male,22.7,0,0,STON/O2716242,4.0,,S
75,0,3,"Baker, Mr. Kenneth",male,54.2,0,0,CA199633,26.97,,S
76,1,3,"Carter, Miss. Sarah",female,18.6,1,0,A/5408055,4.0,,S
77,0,3,"Roberts, Mr. Daniel",male,39.0,0,0,STON/O2234682,12.34,,S
78,1,1,"Davis, Mr. Charles",male,,0,2,W./C.248607,150.37,C83,S
79,0,2,"Ramirez, Mr. David",male,24.6,0,0,STON/O2128327,10.0,,S
80,1,1,"Robinson, Mrs. Mary",female,23.1,0,0,A/5139620,62.73,B119,S
81,1,3,"Campbell, Miss. Sarah",female,7.6,0,1,STON/O2125674,17.79,,S
82,1,3,"Allen, Miss. Barbara",female,27.6,2,0,W./C.152514,21.57,,S
83,0,2,"Allen, Rev. Michael",male,34.7,0,0,STON/O2809301,10.0,,S
84,1,1,"Green, Master. Charles",male,5.3,0,0,A/5748963,39.0,,S
85,0,2,"Green, Mr. George",male,16.9,1,0,A/5594195,11.18,,S
86,0,2,"Hill, Mr. Richard",male,36.6,1,5,52581,27.97,F35,S
87,0,3,"Martinez, Mr. Matthew",male,,0,1,CA354053,23.49,,S
88,0,3,"Carter, Mr. David",male,11.1,0,0,STON/O2131343,4.0,,S
89,0,3,"Wright, Mr. George",male,15.9,0,1,STON/O2307388,23.23,,S
90,0,3,"Smith, Mr. Edward",male,,0,0,STON/O2639554,16.61,,S
91,1,1,"Lee, Miss. Ashley",female,,0,0,337162,79.94,D91,C
92,1,3,"Johnson, Mr. Michael",male,11.1,0,0,891946,22.13,E36,S
93,0,3,"White, Mr. Charles",male,54.0,3,0,STON/O2246845,5.11,,S
94,1,3,"Thomas, Miss. Patricia",female,19.4,0,0,W./C.437066,27.11,,S
95,0,3,"Thomas, Mr. Andrew",male,16.8,0,0,A/5906915,7.03,,C
96,0,3,"Garcia, Miss. Jennifer",female,24.7,0,2,STON/O2207955,29.56,,Q
97,0,3,"Campbell, Mr. Steven",male,35.8,0,0,CA948218,22.1,,S
98,0,2,"Jones, Mr. Kenneth",male,39.6,0,0,STON/O2994698,10.0,D56,S
99,1,1,"Roberts, Mrs. Elizabeth",female,46.2,0,0,395290,116.89,D88,C
100,1,1,"Rodriguez, Mrs. Ashley",female,15.3,1,0,PC23406,79.43,C101,S
101,1,1,"Scott, Mrs. Barbara",female,,0,0,525530,61.84,,S
102,0,3,"Taylor, Mr. George",male,,0,0,120280,27.61,,S
103,1,2,"Hill, Mr. Mark",male,47.6,0,1,STON/O2469337,22.59,,S
104,0,3,"Wilson, Mr. Kenneth",male,43.0,0,0,W./C.700537,5.67,,Q
105,1,3,"Carter, Mr. Richard",male,7.3,0,0,99135,11.87,,Q
106,1,2,"Rivera, Miss. Karen",female,30.4,0,0,CA160331,10.0,F43,S
107,0,2,"Sanchez, Mr. Matthew",male,26.3,0,0,STON/O2430085,31.97,,S
108,0,3,"Lewis, Mrs. Kimberly",female,27.5,0,0,629244,18.67,G26,C
109,0,1,"Lewis, Mr. Michael",male,39.6,1,0,CA787447,124.38,B88,S
110,0,1,"Thomas, Mr. Joseph",male,28.0,4,0,PC77853,61.19,A56,S
111,0,2,"Jones, Mr. Daniel",male,35.5,1,0,A/5218757,10.0,,C
112,0,1,"Johnson, Miss. Donna",female,23.3,1,0,A/5219991,90.29,B21,S
113,1,3,"Scott, Mrs. Jessica",female,45.5,0,0,W./C.895029,11.35,,S
114,1,3,"Nguyen, Mrs. Jessica",female,50.2,3,0,STON/O2138725,15.68,,S
115,1,3,"Smith, Mrs. Jennifer",female,46.2,0,1,PC888821,14.35,,C
116,0,3,"Rivera, Miss. Patricia",female,,3,0,STON/O2770427,10.3,,S
117,0,3,"Anderson, Miss. Jennifer",female,26.3,5,0,STON/O2302047,11.2,,S
118,1,1,"Williams, Mr. Daniel",male,60.2,1,0,813180,40.73,A21,S
119,0,3,"Jones, Mr. George",male,38.9,4,1,W./C.632487,15.59,,C
120,0,3,"Thomas, Mr. Thomas",male,7.8,0,0,A/5803041,4.0,,C
121,1,3,"Nelson, Mrs. Ashley",female,39.6,0,0,999043,8.45,,S
122,1,3,"Wilson, Miss. Emily",female,22.6,0,0,STON/O2383395,11.17,,S
123,0,2,"Rodriguez, Mr. Andrew",male,17.4,0,2,STON/O2709061,26.69,,S
124,1,1,"Torres, Miss. Ashley",female,7.4,0,0,W./C.434089,63.72,,Q
125,1,1,"Thomas, Mrs. Ashley",female,20.1,0,0,STON/O2546256,95.91,B68,S
126,1,2,"Clark, Mr. Richard",male,41.0,4,0,A/5164532,22.1,,Q
127,0,3,"Miller, Mr. Michael",male,33.1,0,1,STON/O2123284,21.58,,S
128,1,3,"Nelson, Miss. Margaret",female,34.6,1,0,CA272867,16.16,,C
129,0,1,"Thompson, Mr. Mark",male,56.9,1,1,STON/O2531429,98.56,A81,C
130,1,3,"Clark, Mrs. Sandra",female,,2,0,PC668894,21.69,,S
131,0,2,"Campbell, Rev. John",male,23.4,3,0,PC41167,10.0,,Q
132,1,1,"Baker, Miss. Linda",female,,0,0,CA783637,95.09,,S
133,1,1,"Brown, Miss. Betty",female,15.5,4,2,CA880645,145.25,,S
134,1,2,"Campbell, Mrs. Nancy",female,41.9,1,0,CA532332,12.57,,S
135,0,3,"Miller, Mr. Joseph",male,38.6,0,2,38048,14.03,,C
136,1,2,"Gonzalez, Mrs. Susan",female,26.1,0,0,PC411219,34.88,,S
137,0,3,"Wright, Miss. Sandra",female,12.4,1,0,W./C.722197,4.0,,S
138,0,3,"Rodriguez, Mr. Mark",male,,0,0,A/5170155,21.1,,S
139,1,2,"Lopez, Mrs. Sarah",female,44.1,0,0,A/5662179,10.0,,S
140,0,3,"Robinson, Mr. Joseph",male,15.9,0,1,W./C.111013,15.31,,S
141,0,3,"Jones, Mr. Paul",male,32.0,0,2,CA703193,4.0,,S
142,1,2,"Scott, Mr. Michael",male,,0,1,W./C.814857,39.99,,C
143,1,3,"Brown, Mr. Kenneth",male,19.5,1,0,STON/O2841239,12.58,,S
144,0,2,"Smith, Mr. Robert",male,29.9,0,0,STON/O2221740,43.59,,S
145,1,2,"Carter, Mrs. Jessica",female,,0,0,A/5704255,23.39,,S
146,0,1,"Hernandez, Mr. Mark",male,44.1,0,2,STON/O2524064,90.71,A71,S
147,0,3,"Young, Mrs. Ashley",female,36.1,0,0,W./C.284375,30.3,,C
148,0,3,"Wilson, Mr. Anthony",male,24.4,2,0,W./C.370307,18.92,,C
149,1,1,"Brown, Mr. David",male,28.4,0,0,W./C.583172,90.82,B96,S
150,1,2,"Harris, Mr. James",male,24.2,0,0,CA811075,12.81,,C
151,0,3,"Harris, Mrs. Sarah",female,24.3,0,4,CA461313,14.65,,C
152,0,1,"Robinson, Mr. Charles",male,11.4,0,0,CA412265,116.62,C76,C
153,0,1,"Ramirez, Mr. Kenneth",male,56.7,1,0,STON/O2339839,102.55,C41,S
154,1,3,"Nelson, Mrs. Ashley",female,17.4,1,0,STON/O2474053,26.09,,Q
155,0,3,"Martinez, Mr. Richard",male,,0,0,STON/O247728,4.0,,S
156,0,2,"Jackson, Mr. Richard",male,29.4,0,0,CA195460,19.0,,S
157,0,3,"Brown, Mr. Andrew",male,31.9,0,0,W./C.701442,26.84,,S
158,1,3,"Mitchell, Miss. Emily",female,23.9,0,1,A/5937675,10.71,,S
159,0,1,"Brown, Mr. Daniel",male,29.2,0,2,182117,61.34,C55,S
160,1,3,"Brown, Miss. Patricia",female,15.4,0,0,STON/O2461601,14.28,,S
161,1,2,"Nguyen, Mr. Steven",male,,0,0,PC337637,31.0,,S
162,1,3,"Allen, Mrs. Kimberly",female,35.8,0,2,417980,27.82,,C
163,1,3,"Hernandez, Mrs. Patricia",female,25.7,2,0,STON/O2811123,15.52,,C
164,1,3,"Allen, Miss. Jennifer",female,,5,0,CA606487,25.66,,S
165,0,1,"Lopez, Mr. Robert",male,36.0,0,0,524382,151.57,B40,C
166,1,3,"Hill, Miss. Jennifer",female,19.7,1,0,590684,8.52,,C
167,0,2,"Baker, Mr. Joseph",male,26.9,0,0,575593,18.57,,C
168,0,1,"Sanchez, Mr. Michael",male,13.0,0,2,W./C.502640,50.05,B116,S
169,0,1,"Torres, Mr. Joseph",male,21.2,1,0,STON/O2599567,154.62,E55,S
170,1,3,"Nguyen, Miss. Michelle",female,27.6,2,0,PC541297,4.0,,Q
171,1,3,"Williams, Mrs. Michelle",female,43.6,3,0,CA420396,7.39,,S
172,1,1,"Garcia, Mrs. Margaret",female,,0,0,A/5528721,93.04,,S
173,0,3,"Nelson, Rev. Andrew",male,,0,0,W./C.406149,9.99,,S
174,1,1,"Torres, Master. George",male,10.0,1,0,W./C.719348,136.67,E10,S
175,0,3,"Lee, Mrs. Sarah",female,23.7,0,0,A/5813702,4.99,,S
176,1,1,"Wilson, Mr. Daniel",male,0.5,0,0,A/5346050,43.2,A118,S
177,0,3,"Thomas, Mr. Thomas",male,23.8,0,2,CA39514,48.25,,S
178,0,2,"Sanchez, Mr. William",male,33.1,0,1,W./C.57310,23.14,,C
179,0,3,"Nelson, Mr. Charles",male,45.7,0,0,PC887589,30.33,,C
180,0,1,"Robinson, Mr. Daniel",male,47.5,0,0,A/5375823,67.01,,S
181,1,2,"Carter, Mr. Robert",male,35.3,2,0,622333,10.0,,Q
182,0,1,"Smith, Mr. Paul",male,30.8,0,0,CA812364,62.25,,S
183,0,3,"Flores, Mr. Andrew",male,,0,0,367833,10.71,,S
184,1,3,"Miller, Mrs. Jennifer",female,54.6,0,0,STON/O2112078,26.88,,C
185,1,2,"Wright, Mr. Richard",male,40.5,0,0,STON/O2371908,10.21,,C
186,0,3,"Allen, Mr. Thomas",male,24.6,0,1,A/5441939,14.43,,Q
187,1,3,"Rodriguez, Miss. Lisa",female,18.7,0,2,A/569191,12.18,,S
188,0,3,"Jones, Mr. Joseph",male,,1,2,266092,21.37,,C
189,0,3,"White, Miss. Karen",female,26.1,0,0,PC256019,11.29,,S
190,1,2,"Hernandez, Mrs. Sandra",female,24.6,3,0,337260,38.28,,S
191,0,1,"Wright, Mr. Charles",male,50.3,0,0,W./C.99067,147.41,E14,C
192,0,3,"Flores, Mr. George",male,36.3,0,0,78681,9.63,,S
193,0,3,"Smith, Miss. Emily",female,18.0,0,0,A/5130031,17.6,,S
194,1,3,"Martin, Mrs. Linda",female,57.3,0,0,A/5188026,23.56,,C
195,1,2,"Rodriguez, Mr. Thomas",male,50.1,1,0,CA574570,21.25,D54,S
196,0,2,"Davis, Mr. Michael",male,,0,1,A/549193,25.1,,S
197,0,3,"Mitchell, Mr. Kenneth",male,28.6,0,0,STON/O2699719,23.74,,S
198,1,3,"Martinez, Mrs. Sarah",female,55.5,1,0,STON/O2605642,4.0,G16,S
199,0,3,"Jackson, Mr. Edward",male,,2,0,W./C.955196,6.99,,C
200,1,3,"Wilson, Mrs. Nancy",female,,1,0,STON/O2289570,17.98,,S
201,0,3,"Wilson, Mr. Thomas",male,1.8,0,0,CA739765,14.8,,S
202,1,1,"Allen, Mr. Steven",male,,1,0,STON/O2626551,92.87,,C
203,1,1,"Taylor, Mr. John",male,27.6,0,0,CA341889,47.33,C40,S
204,0,3,"Garcia, Mr. Mark",male,,0,0,STON/O2608059,13.62,,S
205,0,3,"Moore, Mr. John",male,27.6,0,0,STON/O2348083,21.14,,S
206,1,1,"Smith, Mr. Daniel",male,20.4,0,0,W./C.112472,59.7,B73,S
207,0,1,"Roberts, Mr. William",male,35.0,0,0,STON/O2114917,80.04,D99,S
208,1,3,"Green, Mrs. Sarah",female,27.7,0,2,717905,4.0,,S
209,0,1,"Hernandez, Mr. Paul",male,43.9,1,0,PC362287,167.76,D45,C
210,0,1,"Scott, Mr. Mark",male,38.8,0,0,STON/O2537191,82.27,E26,C
211,1,3,"Scott, Mrs. Mary",female,3.5,0,0,366032,5.64,,S
212,1,3,"Davis, Miss. Jennifer",female,34.4,0,2,PC654693,25.36,,S
213,1,3,"Hall, Mrs. Elizabeth",female,39.9,2,1,A/5390983,8.5,,C
214,1,1,"Wright, Mrs. Patricia",female,44.3,0,0,STON/O2221559,25.89,B81,S
215,1,3,"White, Master. Andrew",male,,0,0,STON/O2676311,4.0,,S
216,0,1,"Scott, Mr. William",male,26.9,1,2,CA891202,101.24,B112,S
217,1,2,"Ramirez, Miss. Elizabeth",female,28.6,1,0,W./C.234479,14.61,,C
218,1,3,"Williams, Miss. Karen",female,8.5,0,0,A/5288035,19.4,,C
219,0,3,"White, Mr. John",male,38.9,1,0,CA321762,19.85,,S
220,1,3,"Thompson, Miss. Susan",female,26.9,1,1,W./C.431556,25.05,,S
221,0,3,"Baker, Master. Joseph",male,5.6,0,1,PC664911,6.49,,C
222,0,3,"Nelson, Mr. Michael",male,,0,0,106424,10.81,,S
223,1,1,"Thompson, Mr. Kenneth",male,27.8,1,0,895194,25.0,,Q
224,0,2,"Clark, Mr. Edward",male,3.7,0,0,W./C.109335,24.6,,S
225,0,2,"Mitchell, Mr. William",male,21.6,0,0,W./C.363200,18.62,,S
226,0,2,"Thomas, Mr. David",male,22.8,0,3,A/580537,10.0,,S
227,1,3,"Lopez, Miss. Margaret",female,11.8,0,0,W./C.850104,32.1,,S
228,0,2,"Johnson, Mr. David",male,14.3,0,0,W./C.508355,10.0,,Q
229,0,3,"Mitchell, Mr. Daniel",male,50.1,1,0,STON/O2229927,24.09,,S
230,1,3,"Clark, Miss. Jessica",female,26.7,0,0,A/5844301,5.76,,C
231,0,3,"Moore, Mrs. Barbara",female,,0,0,CA693185,14.61,,S
232,1,3,"Hall, Miss. Linda",female,,0,0,A/5539152,19.8,,S
233,1,3,"Harris, Miss. Patricia",female,22.0,0,0,A/5463939,20.0,,S
234,0,3,"Walker, Miss. Jessica",female,16.7,4,0,576176,6.71,,S
235,1,1,"Gonzalez, Mr. Paul",male,56.8,0,0,A/5219795,117.87,D105,Q
236,0,3,"Thompson, Mr. Charles",male,36.9,0,0,STON/O2431843,7.84,,S
237,0,2,"Anderson, Mr. Joseph",male,25.9,0,0,A/5665322,10.0,,S
238,0,1,"Johnson, Mr. Richard",male,19.4,0,2,W./C.485244,59.27,C54,S
239,0,3,"Sanchez, Dr. Daniel",male,,0,1,810527,15.71,E21,S
240,1,1,"Moore, Mrs. Jennifer",female,41.8,1,3,W./C.199373,95.08,,S
241,0,3,"Roberts, Master. Thomas",male,7.9,3,0,CA668342,5.62,,C
242,0,3,"Thompson, Mr. George",male,,0,2,551300,4.63,,S
243,0,3,"Sanchez, Mr. Kenneth",male,56.2,0,0,PC614864,6.11,,S
244,1,2,"Perez, Miss. Mary",female,27.1,1,0,STON/O2233297,11.67,,S
245,0,1,"Davis, Mr. Thomas",male,33.5,1,0,873930,92.76,C55,Q
246,1,3,"Lopez, Mrs. Donna",female,25.9,0,0,993672,17.77,,S
247,0,2,"Taylor, Mr. John",male,35.9,0,0,STON/O2290951,14.78,,S
248,0,3,"Miller, Mr. Edward",male,27.1,0,0,568596,4.0,,S
249,1,3,"Ramirez, Mr. Matthew",male,33.8,1,0,W./C.904199,4.0,,S
250,1,3,"Campbell, Mrs. Nancy",female,,1,0,STON/O2990036,22.96,,S
251,0,2,"Ramirez, Mr. Edward",male,41.5,0,0,W./C.771911,42.87,,S
252,1,2,"Allen, Mrs. Linda",female,,0,0,72790,51.41,,C
253,0,3,"Harris, Mr. Andrew",male,41.7,1,0,W./C.220394,4.0,,S
254,0,2,"Gonzalez, Mr. Thomas",male,34.9,1,1,A/5494952,50.59,,C
255,1,1,"Williams, Miss. Margaret",female,21.5,4,1,PC262050,188.36,C63,S
256,0,3,"Smith, Miss. Kimberly",female,26.3,1,0,PC792692,4.0,,S
257,0,3,"Wright, Miss. Susan",female,32.0,0,0,812716,24.64,,S
258,1,3,"White, Miss. Margaret",female,25.9,0,0,A/5895126,27.54,,S
259,1,3,"Jones, Mrs. Nancy",female,33.2,0,1,STON/O2440189,15.07,,C
260,1,1,"Flores, Mrs. Nancy",female,38.7,0,0,A/5911970,101.73,B50,S
261,1,3,"Nelson, Miss. Linda",female,,0,0,CA674721,4.0,,S
262,1,3,"Campbell, Miss. Karen",female,,1,0,PC897060,36.46,,S
263,1,1,"Allen, Mrs. Karen",female,50.8,0,0,STON/O2289901,78.96,D44,Q
264,0,3,"Nelson, Mr. Mark",male,,1,0,A/5687424,16.37,,S
265,1,3,"Lee, Miss. Betty",female,0.5,0,1,PC278903,7.61,,Q
266,0,3,"Hall, Mr. Charles",male,34.2,3,0,640437,15.33,,S
267,1,3,"Scott, Miss. Elizabeth",female,26.6,0,0,PC435581,15.24,,S
268,1,3,"Gonzalez, Miss. Margaret",female,27.0,0,1,PC129074,4.0,,S
269,0,2,"Nelson, Mr. Anthony",male,35.6,0,1,PC211238,32.45,,S
270,1,2,"Baker, Miss. Barbara",female,,0,0,CA267516,38.66,D18,S
271,0,3,"Flores, Mr. Andrew",male,0.5,1,0,A/5496706,14.38,,S
272,1,3,"Martin, Master. Anthony",male,9.8,1,0,STON/O2597019,8.84,,Q
273,0,3,"Scott, Mrs. Mary",female,67.6,0,2,STON/O2452519,4.78,,C
274,0,3,"Martin, Mr. Charles",male,24.3,0,0,959648,17.36,,C
275,1,3,"Wilson, Miss. Margaret",female,15.0,0,2,CA221802,4.25,,S
276,1,3,"Nguyen, Miss. Michelle",female,9.7,0,0,PC295959,17.92,,S
277,0,3,"Adams, Mr. Daniel",male,21.8,2,0,PC40557,24.61,,S
278,0,3,"Robinson, Mr. Paul",male,,1,0,A/5838028,13.83,,C
279,0,3,"Lewis, Mr. Richard",male,29.7,1,0,A/5700666,10.83,,Q
280,0,3,"Allen, Mr. Steven",male,39.2,1,0,W./C.194533,4.0,,S
281,1,3,"Mitchell, Mrs. Barbara",female,31.7,0,0,903933,25.28,F26,S
282,0,2,"Nelson, Mr. Robert",male,,2,0,CA767568,10.0,,S
283,0,2,"Jackson, Mr. George",male,37.7,1,3,STON/O2830231,18.76,E49,S
284,0,1,"Nelson, Mr. Edward",male,42.9,1,0,CA68014,83.34,D49,S
285,0,3,"Perez, Mr. Robert",male,38.1,1,0,CA339153,28.13,,S
286,1,1,"Carter, Miss. Jessica",female,47.8,0,0,W./C.322453,86.9,D90,S
287,0,3,"Baker, Mr. Charles",male,34.5,1,0,CA954321,16.24,,S
288,0,3,"Anderson, Miss. Susan",female,15.6,0,0,STON/O2950334,31.72,,S
289,0,2,"Martinez, Mr. James",male,19.7,0,0,A/5714299,18.88,D52,Q
290,1,3,"Williams, Miss. Jessica",female,22.3,0,2,938744,17.38,,S
291,1,1,"Walker, Mr. Edward",male,18.9,4,0,CA426174,46.54,,S
292,1,1,"Roberts, Mr. Robert",male,25.6,1,0,893687,84.19,,S
293,1,3,"Robinson, Mrs. Margaret",female,41.8,1,0,PC257507,16.02,,S
294,0,2,"Green, Mr. Andrew",male,31.3,1,0,CA608708,22.46,,S
295,1,1,"Gonzalez, Miss. Betty",female,24.5,0,0,534548,132.07,,C
296,1,3,"Young, Miss. Betty",female,19.8,2,1,CA557312,10.34,,S
297,0,3,"Thomas, Rev. William",male,15.4,0,1,879250,4.0,,S
298,1,1,"Adams, Mr. James",male,44.3,0,0,W./C.822767,78.03,,S
299,1,3,"Carter, Miss. Linda",female,12.8,0,0,W./C.274039,4.0,,S
300,0,1,"Roberts, Mr. Mark",male,33.8,1,0,STON/O2937533,112.76,D90,C
301,1,1,"Anderson, Mr. David",male,17.7,1,0,CA259641,185.06,E65,C
302,0,3,"Hall, Master. George",male,1.9,0,0,W./C.138216,35.85,,S
303,0,3,"Robinson, Mr. John",male,41.2,0,0,A/5355281,4.0,,C
304,0,3,"Scott, Mr. Joseph",male,,1,0,W./C.783048,14.42,,S
305,1,3,"Davis, Miss. Sandra",female,25.2,0,0,STON/O2854986,23.5,,Q
306,1,3,"Rodriguez, Mrs. Sandra",female,23.0,1,0,790097,30.37,,S
307,0,3,"Nelson, Mrs. Kimberly",female,,4,0,PC990942,14.17,,Q
308,1,2,"Scott, Miss. Michelle",female,33.7,0,0,STON/O2238598,18.82,,C
309,0,3,"Lee, Mr. Paul",male,,0,0,PC122002,17.69,,S
310,1,2,"Flores, Mrs. Kimberly",female,22.1,1,1,PC234509,55.29,,S
311,0,2,"Ramirez, Mr. Kenneth",male,26.5,1,0,A/5470823,21.61,,Q
312,0,1,"Lewis, Mr. David",male,32.8,0,0,STON/O2276659,94.19,B54,C
313,0,1,"Mitchell, Mr. Steven",male,25.2,3,0,W./C.68642,61.94,E11,S
314,1,3,"Lewis, Mr. Thomas",male,5.8,0,1,STON/O2569383,13.37,,S
315,1,3,"Carter, Mrs. Jessica",female,35.6,0,0,A/5743602,9.64,,S
316,1,3,"Green, Mrs. Sarah",female,42.5,1,0,CA341863,4.0,,S
317,1,2,"Roberts, Mr. George",male,18.3,1,0,W./C.454366,10.0,,S
318,0,1,"Young, Mr. Joseph",male,29.4,0,0,STON/O2725903,130.45,,S
319,1,1,"Moore, Mrs. Sandra",female,42.2,1,2,PC301224,93.37,,C
320,0,2,"Jones, Mr. Charles",male,40.5,0,0,PC390631,10.0,,S
321,0,3,"Thomas, Mr. Thomas",male,28.3,0,1,STON/O2760435,11.16,,C
322,0,3,"Perez, Mr. Daniel",male,46.9,0,2,A/5871264,11.93,,S
323,1,3,"Wright, Mrs. Jennifer",female,31.7,1,2,A/532097,26.82,,S
324,1,2,"Rodriguez, Miss. Elizabeth",female,,0,0,959201,35.34,,S
325,0,3,"Anderson, Mr. Anthony",male,37.1,0,0,W./C.46500,17.76,,S
326,1,3,"Hall, Master. William",male,2.8,0,0,704391,14.83,,S
327,0,3,"Rivera, Miss. Susan",female,28.9,1,0,CA734233,9.16,,S
328,1,3,"Jones, Mrs. Margaret",female,33.6,0,0,261318,15.08,,S
329,1,2,"Clark, Mr. Daniel",male,19.3,1,0,A/5589577,20.68,,S
330,1,2,"Wright, Miss. Sandra",female,13.2,0,0,STON/O2334291,39.67,,S
331,0,2,"Clark, Mr. John",male,47.5,0,0,744649,26.04,F25,S
332,0,3,"Wilson, Mr. Mark",male,,0,1,A/5957028,26.66,,C
333,1,1,"Harris, Mrs. Donna",female,23.8,1,0,137982,131.95,,C
334,1,1,"Hall, Mr. James",male,22.7,1,1,W./C.919066,87.75,C46,S
335,1,1,"Carter, Mr. Andrew",male,,0,0,PC909308,128.93,E113,S
336,0,1,"Harris, Mr. Steven",male,48.0,0,1,STON/O2417341,117.33,B119,S
337,0,3,"Smith, Mr. Matthew",male,41.6,0,0,CA963983,4.0,,Q
338,1,3,"Martin, Mrs. Betty",female,30.2,0,0,STON/O2982561,4.0,,S
339,0,3,"Clark, Mr. Kenneth",male,,0,2,A/5325504,4.0,,S
340,1,1,"Mitchell, Miss. Emily",female,,0,0,CA991805,132.0,D44,S
341,0,3,"Hill, Dr. Joseph",male,35.5,0,1,PC321870,4.0,,S
342,0,3,"Young, Mr. Joseph",male,28.0,0,0,PC911163,12.59,,S
343,0,1,"Moore, Rev. Mark",male,53.2,0,0,PC970381,68.91,B16,C
344,1,2,"Young, Mrs. Mary",female,30.0,1,0,STON/O2672021,41.59,,S
345,0,2,"Harris, Mr. Daniel",male,,0,0,A/5932188,10.0,D28,S
346,1,3,"Nelson, Miss. Betty",female,28.2,0,0,436024,13.68,,S
347,1,3,"Campbell, Mr. David",male,15.8,1,0,CA297348,16.47,,S
348,1,1,"Robinson, Miss. Elizabeth",female,16.5,0,0,CA873185,25.0,B21,C
349,0,2,"Flores, Mr. Kenneth",male,,0,0,STON/O2503975,32.14,E23,S
350,0,3,"Johnson, Miss. Betty",female,25.6,1,3,443021,12.08,,C
351,1,3,"Nguyen, Mrs. Donna",female,20.9,0,2,A/5762233,9.01,,S
352,1,3,"Nelson, Miss. Mary",female,18.4,0,0,STON/O2929350,16.36,,S
353,0,3,"Garcia, Mrs. Margaret",female,33.3,0,0,CA874446,4.0,,Q
354,1,1,"Rodriguez, Mrs. Sandra",female,43.8,2,0,PC742411,55.56,A52,S
355,1,1,"Lopez, Mr. John",male,36.7,0,0,A/5540930,65.5,B17,C
356,0,3,"Taylor, Mr. Anthony",male,19.6,0,1,CA378948,4.0,,S
357,1,1,"Lee, Mr. Richard",male,13.0,0,2,STON/O2641364,85.7,E70,C
358,1,3,"Robinson, Mrs. Nancy",female,40.8,0,0,862941,14.93,,S
359,0,3,"Perez, Mr. Anthony",male,39.4,0,1,W./C.783624,17.19,,S
360,1,3,"Moore, Miss. Margaret",female,29.8,1,0,A/5485279,15.81,,C
361,0,2,"Taylor, Mr. Robert",male,,0,4,38679,10.0,,Q
362,0,3,"Walker, Mr. James",male,34.6,0,0,CA682528,8.78,G17,C
363,0,3,"Mitchell, Mr. Kenneth",male,48.0,0,0,202664,28.37,,C
364,1,3,"Brown, Mrs. Lisa",female,53.2,0,0,474943,8.61,,C
365,0,3,"Anderson, Mr. Robert",male,15.7,4,0,152703,26.36,,S
366,0,2,"Roberts, Mr. John",male,67.1,0,0,CA430124,29.74,,S
367,1,3,"Carter, Mr. James",male,24.6,0,2,PC668816,24.19,,S
368,0,3,"Thomas, Mr. Richard",male,42.8,0,0,A/5338961,6.21,,S
369,0,1,"Johnson, Mr. Edward",male,33.0,4,0,W./C.96226,25.0,B70,S
370,0,1,"Martinez, Mr. Joseph",male,16.4,0,0,CA175488,118.23,C51,S
371,1,1,"Rodriguez, Mrs. Ashley",female,42.4,0,0,PC551448,83.72,A105,S
372,1,1,"Nelson, Mr. Michael",male,38.0,1,0,814894,99.37,,S
373,0,1,"Torres, Mr. Richard",male,42.2,1,0,810234,120.42,C71,S
374,0,3,"Robinson, Mr. Thomas",male,,0,0,PC898102,4.0,,S
375,1,1,"Roberts, Mr. Matthew",male,34.7,0,0,W./C.729064,110.48,A120,S
376,0,2,"Hernandez, Mr. Edward",male,35.2,0,0,STON/O2841145,11.92,,C
377,0,3,"Hill, Mr. Michael",male,56.5,0,0,A/5483421,9.29,,C
378,0,1,"Roberts, Mr. David",male,23.3,0,2,STON/O2925937,42.52,D51,S
379,0,3,"Martin, Mr. Michael",male,,0,0,149995,26.61,F28,S
380,1,2,"Nguyen, Mrs. Mary",female,49.9,0,0,A/5191905,36.59,D10,S
381,1,1,"Martin, Miss. Donna",female,35.5,0,0,631826,89.84,,S
382,1,3,"Baker, Mrs. Betty",female,,0,0,A/5848366,12.7,,S
383,0,3,"Sanchez, Mr. Richard",male,51.0,3,0,A/5218314,21.88,,S
384,0,3,"Jones, Dr. Andrew",male,,0,0,CA444631,23.43,,S
385,0,3,"Hall, Mr. Joseph",male,34.8,0,0,A/5200724,4.44,,S
386,0,3,"Miller, Mr. Charles",male,39.1,0,0,STON/O2928961,30.3,,Q
387,1,2,"Baker, Mrs. Michelle",female,48.3,3,0,STON/O2885224,30.11,,Q
388,0,1,"Davis, Mr. Andrew",male,31.6,0,1,W./C.245391,75.1,E53,S
389,0,3,"Williams, Mr. Matthew",male,43.1,0,3,CA34085,12.58,,S
390,0,3,"Wright, Mr. Mark",male,21.5,0,0,W./C.688540,4.86,,S
391,1,3,"Nelson, Miss. Lisa",female,29.6,0,0,W./C.667066,11.07,,S
392,1,2,"Jones, Mr. George",male,39.0,0,1,PC960895,25.93,F19,Q
393,0,2,"Adams, Mr. Daniel",male,22.7,0,2,CA494887,10.27,,S
394,0,3,"Smith, Mr. Mark",male,,0,0,PC284499,19.33,,C
395,0,2,"Young, Mr. Michael",male,28.4,3,0,903209,30.42,D30,S
396,0,3,"Ramirez, Mr. Matthew",male,,0,0,PC62201,4.0,,Q
397,0,3,"Green, Mr. Paul",male,28.6,0,0,STON/O2658024,4.17,,S
398,1,2,"Rivera, Mr. William",male,49.2,1,0,STON/O2639557,22.71,,C
399,1,3,"Ramirez, Mr. David",male,,0,0,A/5166501,17.6,,S
400,0,3,"Campbell, Mr. George",male,15.8,0,0,CA395792,9.93,,S
401,1,1,"Adams, Mr. Thomas",male,31.6,0,0,PC604797,133.76,D55,S
402,0,3,"Flores, Mr. Kenneth",male,33.6,0,1,CA24800,24.22,,S
403,0,3,"Roberts, Mrs. Ashley",female,40.6,1,0,561380,30.74,,Q
404,1,3,"Robinson, Mrs. Margaret",female,,2,0,STON/O2820926,11.49,G24,Q
405,0,2,"Campbell, Mr. Andrew",male,,0,0,STON/O2877442,42.0,,C
406,0,3,"Moore, Mr. Daniel",male,44.4,0,0,528152,25.51,,S
407,0,2,"Thomas, Mr. Robert",male,,2,3,CA245388,10.0,,C
408,0,1,"Moore, Mr. Paul",male,34.3,1,0,223013,91.34,E54,S
409,1,3,"Thomas, Miss. Sandra",female,33.0,1,0,PC913806,4.0,,S
410,1,1,"Torres, Master. Edward",male,4.7,0,0,A/5311950,108.44,E120,S
411,1,2,"Nelson, Mrs. Betty",female,,0,0,528172,24.01,,S
412,0,3,"Perez, Mr. James",male,28.9,1,2,STON/O2146523,4.0,,S
413,0,3,"Young, Mr. Daniel",male,,1,0,STON/O2907935,25.54,,S
414,1,3,"Lopez, Miss. Ashley",female,11.2,0,0,PC639232,4.0,,S
415,0,3,"Wilson, Miss. Lisa",female,25.5,0,0,PC874119,10.8,,C
416,1,2,"Taylor, Mrs. Nancy",female,43.0,0,0,A/5772008,10.0,,S
417,1,2,"Moore, Miss. Michelle",female,10.8,0,1,208561,10.0,F42,S
418,0,2,"Hall, Mr. Thomas",male,,0,1,STON/O2199131,22.47,,S
419,1,3,"Scott, Mrs. Mary",female,32.3,3,0,STON/O2840958,20.88,,S
420,0,3,"King, Mr. Richard",male,,0,0,PC40170,7.2,F34,S
421,1,3,"Garcia, Miss. Jessica",female,27.0,1,1,A/5284516,25.6,,S
422,1,3,"Campbell, Mr. Mark",male,48.6,0,2,PC657684,18.59,,S
423,1,1,"Young, Mrs. Emily",female,34.8,0,0,STON/O2961402,175.34,E114,S
424,0,3,"Carter, Master. Joseph",male,4.7,4,0,PC397593,14.91,,S
425,1,1,"Hall, Mr. Steven",male,42.9,0,0,W./C.727506,25.0,D108,C
426,0,3,"Adams, Mr. Steven",male,45.9,0,1,490419,11.19,,S
427,1,2,"Lewis, Miss. Mary",female,19.9,0,0,CA20821,19.6,,S
428,1,3,"Garcia, Master. Charles",male,,0,0,STON/O2149675,7.18,,C
429,0,2,"Anderson, Mr. Anthony",male,34.2,1,0,A/5736687,44.45,,S
430,1,1,"Hall, Mr. Joseph",male,26.7,2,0,STON/O2730216,59.91,E94,S
431,1,1,"Martin, Mr. Andrew",male,,0,0,PC757986,25.0,B32,C
432,0,3,"White, Mrs. Ashley",female,29.8,0,0,STON/O2752866,11.85,,S
433,0,3,"Scott, Mr. George",male,31.1,0,0,STON/O2781861,6.44,,S
434,1,1,"Thompson, Miss. Margaret",female,25.9,1,0,W./C.278672,52.58,A14,S
435,0,1,"Mitchell, Mr. Kenneth",male,27.6,0,0,CA109907,77.46,D94,S
436,0,3,"Perez, Mr. Matthew",male,42.3,0,0,W./C.71606,4.0,,S
437,1,1,"Hall, Mrs. Sandra",female,32.0,0,0,CA359031,51.75,E42,S
438,0,3,"Moore, Miss. Karen",female,12.3,0,1,PC503808,4.0,,S
439,1,3,"Taylor, Mr. Joseph",male,43.2,0,1,A/5645829,23.52,,S
440,0,1,"Davis, Mr. Richard",male,,1,0,851218,152.71,A36,S
441,1,1,"Lee, Miss. Linda",female,,0,0,W./C.754033,133.28,A69,S
442,0,3,"Mitchell, Mr. Kenneth",male,16.5,0,0,859192,5.72,,S
443,1,2,"Carter, Miss. Barbara",female,21.5,1,0,CA15621,48.93,F57,S
444,1,2,"Gonzalez, Miss. Susan",female,10.4,1,0,A/5539050,23.05,,S
445,0,3,"Mitchell, Miss. Ashley",female,22.7,0,0,W./C.409442,4.0,,Q
446,0,3,"Moore, Mr. Andrew",male,29.6,0,0,A/5423869,13.15,,S
447,1,3,"Carter, Miss. Kimberly",female,22.3,0,0,398918,8.09,,S
448,0,3,"Hill, Mr. Charles",male,28.9,0,0,PC945566,13.64,,S
449,0,2,"Miller, Mr. Richard",male,37.5,0,0,W./C.53122,21.09,,S
450,0,1,"Jackson, Mr. Joseph",male,22.3,0,0,W./C.198085,45.43,A116,Q
451,0,3,"White, Master. David",male,10.8,0,0,A/5188117,9.96,,S
452,0,3,"Martin, Mrs. Mary",female,40.7,1,0,W./C.526780,19.85,,Q
453,1,2,"Rivera, Mrs. Emily",female,,0,1,A/5930541,10.0,,S
454,1,3,"Rodriguez, Mrs. Sarah",female,24.8,0,2,STON/O2148327,13.0,,C
455,1,1,"Williams, Mr. John",male,23.6,0,0,CA342731,25.02,E59,S
456,1,3,"Scott, Mr. Charles",male,26.2,3,0,566189,24.96,,C
457,1,1,"Hall, Mr. William",male,12.6,1,0,STON/O2158683,127.91,B82,S
458,1,3,"Green, Miss. Ashley",female,,1,0,A/5132517,18.14,,S
459,1,1,"Miller, Mr. James",male,23.8,1,0,A/556307,67.68,E63,S
460,1,1,"Torres, Miss. Karen",female,18.9,2,1,PC533460,76.44,E55,S
461,1,1,"Walker, Mr. Steven",male,46.1,0,0,A/5794149,45.78,D23,Q
462,0,3,"Lewis, Rev. Daniel",male,36.7,0,1,A/5981229,13.58,,S
463,1,3,"Lopez, Mrs. Patricia",female,18.6,0,0,STON/O2306668,28.27,,S
464,0,3,"Taylor, Mr. Steven",male,28.8,1,0,A/5652705,11.7,,C
465,0,3,"Davis, Miss. Jennifer",female,23.4,1,0,A/5552085,22.59,,S
466,1,2,"Sanchez, Mrs. Ashley",female,25.4,0,0,A/5466943,22.36,F38,Q
467,0,2,"Jones, Mr. Andrew",male,,0,0,PC340870,35.76,,C
468,0,3,"Green, Mr. John",male,23.3,0,0,525138,16.04,,S
469,0,1,"Martinez, Mr. William",male,,2,0,PC592667,121.6,C118,C
470,1,3,"Torres, Mrs. Karen",female,28.5,0,4,677578,4.0,,S
471,1,1,"Garcia, Mr. Joseph",male,37.1,0,0,STON/O265807,147.4,,S
472,0,3,"Davis, Mr. Kenneth",male,45.1,0,4,PC165840,10.56,,S
473,0,1,"Carter, Mr. Mark",male,20.3,0,3,CA251026,129.6,E40,S
474,1,3,"Hill, Mrs. Michelle",female,41.5,1,1,PC47604,6.13,,C
475,0,3,"Flores, Mr. Joseph",male,36.4,0,0,STON/O2282864,7.9,,Q
476,1,3,"Roberts, Miss. Kimberly",female,,1,0,PC750255,5.3,,S
477,1,1,"Harris, Miss. Sandra",female,14.2,0,1,STON/O2467629,39.58,,S
478,0,3,"Lewis, Mr. Charles",male,22.5,0,0,CA948659,27.65,,Q
479,0,3,"Nguyen, Mr. Mark",male,,0,0,STON/O252773,20.55,,S
480,1,3,"Martin, Mrs. Donna",female,21.5,1,0,STON/O2383838,4.0,,S
481,0,3,"Flores, Mr. John",male,,0,0,598098,5.93,,S
482,1,3,"Flores, Miss. Linda",female,11.5,0,0,STON/O2489995,26.88,,C
483,1,3,"Carter, Mr. Richard",male,0.5,0,0,STON/O2127955,4.0,,S
484,0,3,"Green, Mr. Richard",male,14.8,2,0,918988,5.1,,C
485,1,3,"Taylor, Mrs. Jennifer",female,25.4,0,1,PC139660,7.05,,C
486,0,3,"Hernandez, Mr. Joseph",male,33.7,1,0,A/5108123,20.98,,S
487,0,1,"Lopez, Mr. Kenneth",male,45.9,0,2,PC920345,139.01,C38,S
488,0,2,"Jones, Mr. David",male,28.1,0,0,A/5199430,31.11,,C
489,1,3,"Smith, Mr. Mark",male,16.0,0,1,PC796365,21.93,,S
490,0,3,"Lewis, Mr. Edward",male,28.6,0,0,W./C.872529,13.62,,C
491,0,3,"Walker, Mr. Charles",male,20.3,0,1,A/5600607,4.0,,Q
492,1,3,"Williams, Mrs. Jessica",female,16.2,0,0,624127,4.0,,S
493,1,2,"Jackson, Master. Charles",male,,0,1,PC621893,10.0,,C
494,1,1,"Hall, Mrs. Sandra",female,,2,0,CA561567,72.15,E83,C
495,0,3,"Jones, Mr. Joseph",male,,0,1,W./C.199340,28.56,,C
496,0,2,"Taylor, Miss. Donna",female,0.5,1,4,STON/O2975123,36.84,E19,S
497,0,3,"Nelson, Mr. Richard",male,35.2,0,0,CA268114,4.0,,S
498,1,1,"Ramirez, Miss. Linda",female,,0,0,STON/O2719790,88.98,E41,S
499,0,3,"Wright, Mr. Joseph",male,42.8,0,1,CA940472,13.07,,S
500,0,3,"Adams, Mr. William",male,66.4,0,0,A/537223,4.28,,S
501,0,3,"Moore, Mr. William",male,18.7,0,1,A/5724407,13.34,,C
502,0,3,"Jones, Mr. John",male,34.7,0,0,137916,19.44,,S
503,1,2,"Hernandez, Mr. Charles",male,11.9,0,0,STON/O2401704,38.03,,S
504,1,3,"Hill, Mr. Andrew",male,26.5,0,3,W./C.984282,25.61,,S
505,1,3,"Jackson, Mrs. Sandra",female,24.1,1,0,CA887634,17.1,,C
506,1,1,"Davis, Mr. Paul",male,15.5,1,1,A/5171245,167.0,,S
507,0,3,"Hall, Mr. Charles",male,34.1,1,0,CA95000,16.48,,S
508,0,3,"Hall, Mr. Anthony",male,51.1,0,0,STON/O2881051,21.11,,S
509,1,3,"Moore, Mrs. Kimberly",female,29.0,0,0,701577,13.62,,C
510,0,3,"Wright, Mr. Steven",male,,0,0,STON/O2486111,10.73,,S
511,0,3,"Lewis, Mr. Robert",male,48.5,0,0,292400,4.5,,S
512,1,2,"Hill, Mr. John",male,,0,0,W./C.699969,10.0,,Q
513,1,3,"Ramirez, Miss. Nancy",female,16.9,0,0,CA355429,27.07,,S
514,1,3,"Hill, Miss. Sarah",female,15.5,0,0,CA698047,26.77,,Q
515,1,1,"Johnson, Mr. Robert",male,,0,1,W./C.485111,27.1,A109,S
516,1,1,"Anderson, Miss. Donna",female,,1,0,A/5777080,100.88,C54,S
517,1,2,"Nguyen, Miss. Mary",female,,1,0,960930,10.0,,C
518,0,3,"Carter, Mr. Thomas",male,,0,0,W./C.145602,12.89,,S
519,1,3,"Torres, Mrs. Patricia",female,43.2,2,0,PC915213,28.19,,S
520,1,1,"Carter, Mr. David",male,57.9,3,0,CA850494,87.0,B105,S
521,0,3,"Walker, Mr. George",male,46.1,0,0,306698,4.45,,S
522,1,2,"Adams, Mr. Paul",male,20.0,0,0,A/5846917,16.81,,S
523,1,3,"Moore, Master. David",male,3.0,0,0,CA789930,4.0,G22,S
524,0,3,"Nguyen, Mr. Mark",male,14.1,2,0,CA583734,4.0,,S
525,1,3,"Green, Miss. Ashley",female,25.4,1,1,W./C.409917,17.33,,S
526,0,3,"Garcia, Mr. Steven",male,22.9,0,0,CA428233,4.0,,Q
527,0,2,"Thompson, Mr. Mark",male,22.4,0,0,A/5196657,18.35,,S
528,0,2,"Perez, Mr. Daniel",male,,0,0,PC818323,14.08,,S
529,1,1,"Nelson, Miss. Linda",female,33.4,0,0,STON/O2103520,93.39,B16,C
530,0,3,"Hernandez, Mr. Daniel",male,45.5,0,2,CA903749,9.64,,S
531,0,3,"Clark, Mr. Steven",male,32.3,1,0,PC180855,6.76,,S
532,0,3,"Jackson, Mr. Anthony",male,36.2,0,0,STON/O2827357,4.0,,C
533,1,3,"Carter, Rev. Kenneth",male,39.7,1,0,STON/O2308776,5.39,,S
534,1,3,"Williams, Miss. Sandra",female,18.4,1,0,799114,30.22,,C
535,1,3,"Garcia, Miss. Nancy",female,22.4,1,0,171621,4.0,,C
536,0,3,"Taylor, Mr. Daniel",male,37.9,0,0,CA323048,19.53,,Q
537,1,3,"Davis, Miss. Betty",female,17.1,0,0,STON/O2850014,11.1,,S
538,0,2,"Allen, Mr. James",male,,0,0,STON/O2781635,12.52,E15,S
539,1,3,"Nelson, Mrs. Emily",female,33.5,0,0,A/5957634,6.89,,S
540,0,1,"Robinson, Mr. Mark",male,,0,0,642829,109.68,E61,S
541,0,3,"Brown, Mr. Richard",male,,1,0,PC386485,9.04,,C
542,0,3,"King, Mr. Matthew",male,24.1,0,0,110780,29.15,,S
543,1,1,"Flores, Mrs. Ashley",female,44.7,0,2,A/5547555,124.5,B107,S
544,0,3,"Green, Master. Paul",male,10.6,0,0,PC523406,22.83,,C
545,0,3,"Carter, Mr. John",male,,0,2,STON/O2938422,21.65,,S
546,0,2,"Wilson, Mr. Thomas",male,13.4,1,0,STON/O2509583,11.59,,S
547,1,1,"Scott, Mrs. Elizabeth",female,,1,0,A/5600408,116.3,B81,S
548,0,3,"Jackson, Mr. Paul",male,32.4,0,0,W./C.453621,4.05,,C
549,1,3,"Hall, Miss. Ashley",female,,0,0,CA803237,7.75,,S
550,1,3,"Davis, Miss. Mary",female,,0,0,STON/O2860389,27.04,,C
551,0,3,"Green, Mr. Edward",male,36.4,0,0,A/5653687,7.55,,S
552,1,3,"Thomas, Mrs. Barbara",female,37.9,0,0,PC465193,11.42,,C
553,0,3,"Martin, Mr. Kenneth",male,,1,2,456711,17.07,,C
554,1,3,"Smith, Miss. Emily",female,23.6,0,0,CA52402,27.29,,S
555,0,3,"Clark, Mr. Robert",male,,0,0,W./C.368345,5.63,,S
556,1,2,"Anderson, Miss. Linda",female,23.5,0,0,STON/O2719298,10.0,,S
557,1,1,"Robinson, Miss. Linda",female,20.0,0,0,PC689068,132.62,C34,S
558,1,1,"Adams, Miss. Elizabeth",female,30.2,0,0,758301,137.45,E93,S
559,1,3,"Young, Mrs. Karen",female,30.6,0,0,PC985875,19.06,F15,S
560,0,3,"Allen, Mr. Thomas",male,47.9,0,2,STON/O2562891,12.63,,S
561,1,3,"Clark, Mr. Steven",male,6.2,0,1,688665,4.0,,S
562,1,1,"Walker, Miss. Jessica",female,38.7,0,0,W./C.98049,68.1,,S
563,0,1,"Robinson, Master. Kenneth",male,9.6,0,0,A/5500963,66.24,B66,S
564,0,1,"Martinez, Mr. Anthony",male,37.6,0,2,STON/O293029,25.0,B35,S
565,1,2,"Gonzalez, Mrs. Michelle",female,,3,0,STON/O2324985,10.0,,C
566,1,3,"Allen, Miss. Elizabeth",female,35.8,0,0,PC143997,8.96,,S
567,1,2,"Jones, Mrs. Sarah",female,,0,0,956763,38.67,,S
568,0,2,"Roberts, Mr. Mark",male,24.3,0,0,A/5892416,14.34,F13,Q
569,1,3,"Perez, Mrs. Kimberly",female,45.0,0,0,PC558501,4.77,,S
570,0,2,"Moore, Master. James",male,,0,0,STON/O2319834,10.0,,Q
571,1,3,"Jackson, Mrs. Karen",female,38.2,1,0,W./C.60046,4.0,,S
572,0,3,"Nguyen, Mr. Andrew",male,42.6,1,0,W./C.90250,9.6,,S
573,1,2,"Nelson, Mrs. Ashley",female,31.7,0,0,CA548354,19.3,,S
574,1,3,"Martinez, Miss. Sandra",female,9.6,0,0,CA545456,14.18,,C
575,0,3,"Wright, Master. Steven",male,6.5,0,0,STON/O2443082,20.41,,S
576,0,3,"Thompson, Miss. Nancy",female,,1,0,CA497227,18.97,,S
577,1,1,"Scott, Mr. Kenneth",male,37.4,0,0,765299,99.52,C36,S
578,1,3,"Harris, Miss. Sandra",female,18.9,0,0,W./C.862308,14.51,,S
579,1,3,"Lee, Miss. Susan",female,14.8,0,0,A/5382724,11.82,,S
580,0,2,"Hall, Mr. Joseph",male,31.7,0,1,A/5624012,41.94,,S
581,0,3,"Torres, Miss. Betty",female,24.9,0,2,CA815984,27.08,,S
582,0,3,"Anderson, Miss. Margaret",female,14.5,0,0,W./C.27058,12.09,,S
583,0,3,"Williams, Mr. Daniel",male,29.8,0,0,CA786487,15.45,,Q
584,0,2,"Mitchell, Mr. Steven",male,13.3,1,0,495363,24.42,,C
585,1,3,"Rivera, Miss. Betty",female,21.7,0,0,PC834366,14.8,,Q
586,0,2,"Harris, Mrs. Elizabeth",female,34.2,0,1,PC893855,13.08,,C
587,1,1,"Young, Miss. Patricia",female,18.1,1,0,STON/O257457,44.0,E15,S
588,1,1,"Rodriguez, Mrs. Kimberly",female,43.9,0,0,CA446471,74.15,A46,S
589,0,1,"Nguyen, Mr. Daniel",male,28.1,0,0,322106,25.47,E44,S
590,1,1,"Miller, Mrs. Sandra",female,,0,0,A/5625732,103.27,A18,S
591,0,1,"Miller, Mr. George",male,17.8,0,0,487100,58.92,C94,S
592,0,3,"Robinson, Mr. James",male,,1,0,481804,4.0,,S
593,1,1,"Campbell, Mr. William",male,20.6,0,0,W./C.857075,95.44,A12,S
594,0,2,"Clark, Mr. William",male,39.7,0,1,A/5367915,38.09,,S
595,1,3,"Jones, Mr. Steven",male,25.8,0,2,PC231321,5.25,,S
596,0,3,"Taylor, Mr. Daniel",male,,0,0,PC92020,20.42,,S
597,1,3,"Flores, Miss. Betty",female,43.0,1,0,643395,17.53,,C
598,0,1,"Adams, Mr. Robert",male,52.7,0,0,A/5923955,25.0,A50,S
599,1,1,"Perez, Mr. Kenneth",male,1.8,0,0,121495,80.1,E78,S
600,1,1,"Harris, Mr. Daniel",male,36.3,1,0,STON/O2570333,71.93,B74,S
601,1,1,"Green, Master. Steven",male,0.6,0,0,CA16131,50.63,,S
602,0,2,"Wright, Mr. John",male,21.5,1,0,STON/O2132346,29.44,,S
603,1,1,"Flores, Mr. Robert",male,41.4,1,0,CA190077,101.23,A41,S
604,0,1,"Thomas, Mr. Charles",male,30.8,1,0,510296,25.0,,S
605,1,1,"Anderson, Miss. Jennifer",female,30.0,0,0,STON/O2735411,99.62,D60,S
606,0,3,"Ramirez, Mr. Michael",male,17.3,0,0,STON/O2920982,12.86,,Q
607,0,1,"Carter, Mr. Michael",male,,1,0,790399,83.79,C55,Q
608,0,2,"Lewis, Mr. David",male,31.1,0,4,W./C.771173,12.92,,S
609,0,3,"Hall, Miss. Karen",female,,0,0,STON/O2327508,25.63,,S
610,0,3,"Johnson, Mr. John",male,33.7,1,0,W./C.862631,4.0,,C
611,1,1,"Lee, Mr. John",male,51.2,1,1,W./C.388251,54.86,A90,S
612,0,3,"Jackson, Mr. Matthew",male,24.5,0,5,716533,15.75,,S
613,0,3,"White, Mr. Mark",male,33.7,0,0,717896,4.06,,S
614,0,1,"Martinez, Mr. Joseph",male,20.5,0,1,STON/O2853726,32.28,,Q
615,0,3,"King, Mr. Mark",male,4.9,1,0,A/5101892,5.42,,S
616,0,3,"Torres, Mr. David",male,49.0,1,0,PC151677,22.36,,S
617,1,1,"Hernandez, Mr. David",male,17.6,0,0,CA210070,82.84,,C
618,0,2,"Garcia, Mr. Edward",male,25.2,0,0,CA865604,13.08,,S
619,1,3,"Harris, Miss. Michelle",female,10.1,1,0,CA739842,12.57,,S
620,0,3,"Baker, Miss. Jessica",female,30.0,0,0,PC910739,7.67,,Q
621,1,1,"Young, Miss. Donna",female,,0,0,CA229393,25.0,D76,S
622,1,1,"Martinez, Miss. Jessica",female,26.1,3,0,STON/O2690130,125.74,,S
623,0,2,"Robinson, Mr. Thomas",male,,0,0,PC691301,48.44,,S
624,0,3,"Robinson, Mr. Thomas",male,17.8,0,0,PC466957,23.9,,S
625,0,3,"Nelson, Mr. James",male,34.0,0,0,909876,13.08,,S
626,0,2,"Robinson, Mr. Charles",male,44.5,0,0,W./C.210188,14.98,,S
627,1,3,"Baker, Mrs. Emily",female,35.3,1,0,CA325535,20.55,,S
628,0,3,"Hernandez, Mr. Robert",male,23.5,0,1,STON/O2165362,15.34,,C
629,1,1,"Lewis, Mrs. Lisa",female,12.8,5,0,STON/O2452372,82.62,,S
630,0,2,"Nguyen, Mr. Charles",male,33.1,0,0,CA132115,28.08,,S
631,0,3,"Green, Miss. Margaret",female,5.8,0,0,PC956251,14.04,,S
632,0,3,"Hall, Mr. Thomas",male,42.1,0,0,PC784668,12.71,,C
633,0,3,"Robinson, Mr. Charles",male,,0,0,476895,4.0,,S
634,0,3,"Gonzalez, Dr. Anthony",male,24.6,0,0,STON/O2504392,17.95,,S
635,1,1,"Walker, Mr. Michael",male,,0,0,CA911561,185.16,,S
636,0,2,"Thomas, Mr. Anthony",male,,0,0,STON/O2623654,27.85,,S
637,0,3,"Torres, Mr. Matthew",male,16.6,0,1,PC221118,4.0,,S
638,1,2,"Torres, Miss. Karen",female,13.6,1,0,A/5607091,10.0,,C
639,0,2,"Hall, Mr. Charles",male,,0,0,STON/O263395,10.0,,S
640,0,2,"Johnson, Mr. Anthony",male,37.5,1,2,A/518256,10.0,D51,S
641,0,1,"Moore, Mr. James",male,28.8,0,0,CA671032,59.89,,S
642,1,2,"Torres, Miss. Patricia",female,31.2,0,0,462762,41.11,,C
643,0,1,"Hill, Mr. Steven",male,7.3,0,0,STON/O2899838,68.36,E78,S
644,1,2,"Jackson, Master. Joseph",male,2.8,0,0,STON/O2782882,19.55,,S
645,1,1,"Hill, Mr. Matthew",male,,0,0,W./C.634783,70.56,C117,S
646,0,3,"Anderson, Master. Richard",male,10.3,1,0,591230,4.0,,S
647,1,3,"Flores, Miss. Sarah",female,20.8,1,0,A/548815,24.02,,S
648,0,3,"Baker, Mr. William",male,13.7,0,0,STON/O2429095,10.59,,S
649,0,3,"Green, Mr. Michael",male,39.0,0,0,STON/O2548292,14.7,,S
650,0,3,"Green, Mrs. Patricia",female,33.4,1,0,W./C.769813,8.33,,S
651,0,1,"Martin, Rev. Paul",male,17.3,0,0,W./C.990713,40.93,D105,S
652,0,3,"Williams, Mr. Andrew",male,,1,1,959037,11.05,,S
653,0,3,"White, Dr. William",male,23.6,1,0,STON/O2253170,4.0,,S
654,1,3,"Garcia, Miss. Karen",female,26.5,1,0,73653,28.64,,C
655,0,2,"Lee, Mr. Mark",male,34.4,0,0,W./C.29943,15.43,,Q
656,1,1,"Lopez, Miss. Susan",female,,0,0,STON/O2614402,50.48,,Q
657,0,2,"Rodriguez, Mr. Kenneth",male,40.5,0,0,A/5590130,13.05,D11,C
658,1,2,"White, Mr. George",male,13.9,0,0,CA290859,49.31,,S
659,0,3,"Allen, Mr. Thomas",male,,1,2,447400,5.98,,S
660,1,3,"Hernandez, Miss. Sarah",female,21.3,0,1,STON/O2132621,6.59,,S
661,0,2,"Walker, Mr. Charles",male,34.5,0,0,STON/O2662944,10.0,,S
662,0,3,"Mitchell, Mrs. Nancy",female,36.0,1,0,373608,7.85,,S
663,1,3,"Davis, Miss. Sandra",female,22.7,1,0,STON/O2741396,10.87,,S
664,0,1,"Jones, Mr. William",male,,1,0,STON/O231817,67.09,C20,C
665,0,1,"Carter, Mr. Joseph",male,,1,0,PC312001,66.07,D27,S
666,0,1,"Baker, Mr. Anthony",male,14.1,0,0,211537,112.48,E70,S
667,0,2,"Scott, Mr. Matthew",male,,0,0,STON/O2370550,10.0,,Q
668,1,1,"Garcia, Miss. Betty",female,,1,0,STON/O2253377,25.0,D72,S
669,1,1,"Smith, Miss. Sarah",female,21.2,0,0,W./C.240374,85.5,B34,S
670,0,2,"Wright, Dr. Michael",male,61.9,0,2,W./C.963229,24.42,,Q
671,0,1,"Robinson, Mr. Matthew",male,8.5,0,0,365627,118.2,A44,S
672,0,3,"Baker, Miss. Sarah",female,14.7,0,0,W./C.904911,7.69,,S
673,1,1,"Nguyen, Mr. Anthony",male,33.9,1,0,698870,91.32,B106,S
674,0,3,"Green, Miss. Lisa",female,24.1,0,1,STON/O2147529,9.27,,S
675,1,2,"Miller, Mr. Joseph",male,,0,0,A/5768115,20.2,E49,C
676,1,3,"Walker, Mrs. Mary",female,24.8,0,0,419333,27.93,,S
677,1,1,"Flores, Mr. Kenneth",male,15.7,0,0,STON/O2883548,138.63,D41,S
678,0,2,"Lee, Mr. Edward",male,,0,0,694196,23.24,,S
679,0,3,"Anderson, Rev. Robert",male,29.2,0,0,387755,14.89,,S
680,0,3,"Green, Mr. Paul",male,,1,0,STON/O2848603,4.0,,Q
681,0,3,"Hall, Mr. Charles",male,23.1,0,0,PC662048,4.0,,S
682,1,2,"Adams, Mrs. Margaret",female,45.3,0,2,PC306177,20.24,,S
683,1,1,"Davis, Mrs. Elizabeth",female,,0,0,795650,66.21,E86,S
684,0,3,"Williams, Mr. John",male,61.4,1,0,CA709459,26.02,,S
685,0,3,"Martin, Mr. Steven",male,48.2,0,0,STON/O2145367,11.9,,Q
686,1,3,"Davis, Mr. Michael",male,,1,2,PC219174,16.87,,S
687,0,3,"Thomas, Mr. Kenneth",male,27.1,0,0,PC645173,33.29,E24,S
688,0,2,"Rodriguez, Mr. Anthony",male,,1,0,STON/O2115805,39.16,,S
689,0,3,"Robinson, Mr. Matthew",male,27.0,0,0,STON/O2998864,15.12,,C
690,1,1,"Nelson, Dr. Kenneth",male,45.0,1,0,STON/O2328402,30.05,,S
691,1,2,"Clark, Master. Andrew",male,2.0,0,0,PC229606,15.23,,C
692,0,2,"Mitchell, Mr. William",male,31.4,2,0,W./C.59334,15.09,,S
693,1,3,"Clark, Mr. Michael",male,56.5,0,5,CA386215,9.22,,C
694,1,2,"Young, Mrs. Michelle",female,33.2,0,0,A/5384387,14.96,E43,S
695,1,1,"Clark, Mr. Thomas",male,33.4,0,0,176309,51.24,,S
696,1,3,"Williams, Mrs. Lisa",female,5.5,0,0,PC878167,4.0,,S
697,0,2,"Wilson, Mr. Paul",male,11.8,1,0,W./C.43522,27.21,,S
698,0,3,"Lewis, Mr. Joseph",male,36.8,0,1,CA364140,29.75,,C
699,1,1,"White, Miss. Linda",female,,0,0,STON/O2129505,138.51,,C
700,1,3,"Baker, Mrs. Lisa",female,40.9,0,0,W./C.247701,4.0,,S
701,0,3,"Wright, Mrs. Lisa",female,37.6,0,0,CA599280,4.0,,S
702,0,1,"Brown, Mr. Anthony",male,46.3,1,0,PC519990,117.81,C88,S
703,0,2,"Moore, Mr. Richard",male,36.7,1,0,A/5366855,37.42,,C
704,1,1,"Davis, Mrs. Sandra",female,41.9,1,0,A/5816747,114.99,B69,S
705,0,1,"Garcia, Mr. Richard",male,47.7,0,1,CA817503,155.69,,S
706,0,3,"Adams, Mr. Edward",male,,0,2,W./C.290484,15.63,,S
707,0,2,"Johnson, Mr. John",male,50.7,1,0,PC904863,25.55,,S
708,0,3,"Perez, Mr. Joseph",male,35.8,0,2,926136,14.33,,S
709,1,2,"Rodriguez, Miss. Donna",female,6.2,0,0,W./C.643643,25.0,,S
710,0,3,"Wilson, Mr. Robert",male,11.8,0,0,119200,19.67,,S
711,0,3,"Carter, Mr. Kenneth",male,39.4,0,0,62871,28.6,,Q
712,0,3,"Wilson, Mr. Andrew",male,25.8,0,0,STON/O2847798,20.66,,S
713,0,3,"Wilson, Mr. Joseph",male,47.9,1,0,STON/O2892478,21.31,,S
714,0,2,"Perez, Mr. William",male,,0,0,CA121035,14.48,,S
715,0,2,"Hill, Mr. James",male,13.7,0,0,W./C.649270,10.0,F55,C
716,0,3,"Moore, Mr. William",male,38.4,0,0,CA873617,16.27,,S
717,1,3,"Rodriguez, Mrs. Emily",female,41.7,0,0,W./C.54008,9.88,,S
718,0,3,"Taylor, Mr. David",male,25.0,0,0,W./C.120531,21.67,,S
719,0,1,"Davis, Mr. James",male,45.4,1,0,PC670525,88.6,B101,S
720,1,3,"Rodriguez, Mrs. Mary",female,39.2,1,0,CA923172,14.16,,S
721,1,3,"Thompson, Mrs. Jessica",female,18.1,0,0,PC965237,12.9,,C
722,1,1,"Nguyen, Master. Daniel",male,9.4,1,0,A/5174660,69.02,C20,C
723,1,1,"Johnson, Mr. David",male,,5,1,316313,84.65,D103,S
724,0,3,"Taylor, Mr. John",male,58.3,1,0,472965,10.75,,S
725,0,3,"Rodriguez, Mrs. Margaret",female,,1,0,W./C.532600,18.4,,Q
726,0,3,"King, Miss. Linda",female,24.0,0,1,922777,6.59,,S
727,1,1,"Mitchell, Mrs. Jennifer",female,60.4,0,0,CA171790,47.77,D15,C
728,0,3,"Walker, Mr. Paul",male,16.9,0,0,391405,13.37,,S
729,0,1,"Roberts, Miss. Lisa",female,16.6,0,0,A/5868952,60.9,,Q
730,0,1,"Allen, Mr. Andrew",male,35.4,5,2,PC138957,28.46,B30,C
731,1,1,"Miller, Mr. Paul",male,8.2,0,0,PC470438,64.76,,Q
732,0,3,"Allen, Mr. Joseph",male,34.2,1,0,STON/O2816584,33.67,,S
733,1,3,"Flores, Mrs. Patricia",female,,1,0,CA267232,4.0,,S
734,0,3,"Campbell, Master. George",male,11.8,1,0,STON/O2367900,24.84,,Q
735,1,2,"Martin, Miss. Sandra",female,12.8,5,0,A/5539554,27.87,,S
736,0,3,"Adams, Mr. James",male,30.2,0,0,PC99374,14.51,,S
737,1,2,"Brown, Mr. Steven",male,29.4,0,0,A/5400527,24.74,,S
738,0,3,"Sanchez, Mr. Mark",male,48.4,0,2,801512,28.15,,C
739,0,2,"Baker, Mr. Michael",male,14.2,0,0,STON/O2388162,27.76,D22,Q
740,1,2,"Young, Miss. Sandra",female,14.0,0,0,707298,10.0,E10,S
741,1,3,"Jones, Mr. Robert",male,40.9,0,1,PC168975,9.94,,C
742,1,2,"Lee, Miss. Michelle",female,34.1,1,0,W./C.452207,37.34,,C
743,0,3,"Martinez, Mrs. Jennifer",female,32.8,0,0,PC154697,7.91,,S
744,0,3,"Rodriguez, Miss. Sarah",female,21.0,0,0,STON/O2443491,31.44,F17,S
745,0,1,"Flores, Mr. Andrew",male,21.6,0,1,STON/O2951689,173.28,D68,S
746,0,3,"Scott, Master. Daniel",male,,0,1,STON/O2903796,9.6,,S
747,1,2,"Harris, Mr. Edward",male,47.5,0,0,W./C.843206,10.0,F10,Q
748,0,3,"King, Mrs. Karen",female,19.2,1,2,389347,4.0,,S
749,1,3,"Robinson, Mrs. Kimberly",female,33.4,0,0,CA474077,31.8,,S
750,0,3,"Hill, Mr. Mark",male,22.8,1,1,PC817562,14.78,,Q
751,1,1,"Miller, Miss. Linda",female,26.1,0,3,CA762485,93.29,B16,S
752,0,3,"Adams, Mr. Kenneth",male,38.5,1,0,W./C.999481,15.54,,C
753,0,3,"Campbell, Mr. Richard",male,46.8,0,0,CA98896,5.42,,S
754,0,2,"Ramirez, Mr. Paul",male,32.5,0,0,A/5340096,15.7,,C
755,1,1,"Anderson, Mrs. Margaret",female,,0,0,STON/O2819891,66.86,A95,S
756,0,3,"Perez, Mr. Paul",male,36.5,1,0,PC465157,12.38,,Q
757,0,3,"Sanchez, Mrs. Margaret",female,31.2,0,0,CA422369,17.18,,S
758,0,3,"Campbell, Mrs. Linda",female,32.3,0,2,CA702244,27.84,,S
759,0,3,"Lee, Mrs. Margaret",female,36.9,5,0,168284,12.56,,C
760,0,3,"Lee, Mr. Thomas",male,20.5,1,0,W./C.70617,7.36,,S
761,1,1,"White, Mr. William",male,,0,1,758022,157.88,,S
762,1,2,"Baker, Mr. Steven",male,,1,2,928356,10.0,E49,S
763,0,2,"Jones, Mr. Robert",male,,0,0,W./C.320089,25.79,,C
764,1,3,"Garcia, Mr. Robert",male,31.6,0,3,STON/O2431530,17.98,,S
765,1,1,"Ramirez, Miss. Linda",female,,0,0,744831,59.5,E32,S
766,1,3,"Mitchell, Mr. Matthew",male,44.5,2,1,W./C.925979,8.9,,S
767,1,3,"Rodriguez, Mr. Kenneth",male,38.8,2,0,A/5766601,23.59,,S
768,0,3,"Brown, Mr. Andrew",male,20.9,0,0,338933,22.35,,S
769,1,2,"Scott, Mr. Kenneth",male,43.7,0,0,A/518286,17.34,E30,S
770,0,3,"Perez, Mr. Michael",male,34.0,0,0,A/5953937,12.26,,S
771,0,1,"Clark, Mr. Matthew",male,,5,0,W./C.650051,85.89,A107,S
772,0,3,"Nelson, Mrs. Margaret",female,25.3,4,0,PC744312,4.0,,S
773,1,1,"Campbell, Mr. John",male,44.4,0,0,STON/O2477863,25.0,C70,C
774,1,2,"Jackson, Mrs. Michelle",female,,1,2,225098,15.78,F27,S
775,0,3,"Martin, Miss. Lisa",female,,1,0,W./C.664688,25.54,,S
776,0,1,"Miller, Mr. Andrew",male,37.8,0,0,W./C.693710,114.79,B99,S
777,1,1,"Allen, Miss. Susan",female,,0,0,STON/O2741351,84.87,A23,S
778,0,3,"Martinez, Mr. Steven",male,,0,0,A/5940794,19.47,,S
779,0,3,"Anderson, Mrs. Linda",female,29.2,0,1,434154,4.0,,S
780,0,3,"Thompson, Mr. Kenneth",male,39.2,0,1,PC933768,4.0,,S
781,0,3,"White, Miss. Linda",female,,0,0,A/598374,5.13,,S
782,0,3,"Carter, Miss. Sarah",female,15.5,2,0,CA573539,24.0,,S
783,1,2,"Torres, Miss. Jessica",female,40.6,0,1,A/5418937,21.95,,S
784,1,2,"Ramirez, Miss. Emily",female,23.4,0,0,763800,30.79,,S
785,0,1,"Roberts, Mr. Edward",male,40.2,1,1,932616,111.72,D87,S
786,0,3,"Flores, Mr. Kenneth",male,30.8,1,0,PC555752,16.01,,Q
787,1,3,"Johnson, Mr. Edward",male,10.5,0,1,W./C.307719,5.5,,S
788,0,2,"Nelson, Master. Thomas",male,9.2,0,0,PC107328,21.95,,S
789,1,3,"Johnson, Miss. Barbara",female,33.9,0,0,W./C.588589,6.04,,C
790,0,3,"Moore, Master. Charles",male,8.6,0,2,A/5556660,4.0,,S
791,1,1,"Perez, Miss. Lisa",female,14.9,0,0,A/5803820,118.5,D76,S
792,0,3,"Smith, Mr. David",male,24.3,0,0,177800,23.02,,C
793,1,3,"Martinez, Miss. Donna",female,26.0,1,0,CA39246,21.56,,C
794,0,3,"Nelson, Mr. Anthony",male,27.4,0,0,W./C.631285,4.0,,S
795,1,1,"Jones, Mrs. Elizabeth",female,44.1,0,0,A/5263063,104.08,,S
796,1,3,"Mitchell, Mrs. Mary",female,20.4,1,0,A/5771800,20.3,,S
797,0,3,"Garcia, Mr. George",male,36.0,0,0,STON/O2539818,16.66,,Q
798,0,3,"Wilson, Mr. Anthony",male,27.6,0,0,CA777543,4.0,,S
799,0,3,"Clark, Miss. Sandra",female,29.9,1,1,CA892464,8.91,,S
800,0,3,"Perez, Mr. David",male,42.8,0,0,A/5282374,7.89,,C
801,0,3,"White, Mr. Charles",male,22.2,1,0,542151,4.88,,S
802,1,1,"Campbell, Mr. Daniel",male,38.8,1,0,A/5139827,137.45,B112,S
803,0,3,"Roberts, Mr. Andrew",male,,1,0,CA803310,8.45,,S
804,0,3,"Hill, Mr. Robert",male,,3,0,997069,22.47,,S
805,0,2,"Brown, Mr. William",male,20.6,0,0,CA480534,10.0,E45,C
806,0,3,"Hernandez, Mr. Edward",male,35.3,0,0,A/5610241,18.73,,S
807,0,3,"Brown, Mr. Robert",male,42.8,0,0,15466,9.19,,C
808,0,3,"Moore, Mrs. Sandra",female,57.1,0,0,STON/O2365446,13.85,,S
809,0,3,"Nelson, Mr. Mark",male,39.4,0,0,PC854510,11.23,,S
810,1,1,"Young, Mrs. Michelle",female,,0,0,619845,70.25,A49,Q
811,0,3,"Lewis, Mr. Mark",male,29.7,2,0,W./C.759361,10.28,,S
812,0,3,"Moore, Mr. Richard",male,15.7,0,0,707848,30.03,,S
813,0,1,"Carter, Mr. George",male,26.3,0,0,W./C.895517,108.08,,S
814,0,3,"Davis, Mr. Matthew",male,30.0,0,1,W./C.255196,9.74,,C
815,0,3,"Ramirez, Mr. Michael",male,,0,0,A/5323735,12.2,,S
816,0,3,"Jackson, Mr. Andrew",male,35.1,0,0,A/5709318,4.0,,S
817,0,3,"Young, Mr. George",male,40.9,0,0,610588,10.82,,S
818,1,2,"Nelson, Mr. Charles",male,,0,0,156770,10.0,,S
819,1,1,"Williams, Mrs. Jessica",female,32.5,0,0,406011,122.25,,C
820,1,2,"Sanchez, Mr. Edward",male,2.4,1,0,W./C.783337,10.0,,S
821,0,3,"Brown, Mr. James",male,22.3,1,1,PC120338,18.04,,S
822,1,1,"Wilson, Miss. Karen",female,14.0,0,0,A/5551538,30.34,,S
823,0,2,"Wilson, Mr. William",male,50.8,0,2,W./C.211908,22.0,,S
824,0,2,"Carter, Mr. Thomas",male,11.2,1,0,A/5486378,12.76,,Q
825,1,3,"Jackson, Miss. Nancy",female,23.0,1,0,CA163672,20.31,E25,S
826,0,3,"Davis, Mr. James",male,31.1,0,0,456370,15.1,,Q
827,1,2,"Young, Mrs. Margaret",female,,1,0,STON/O295927,32.75,,S
828,1,2,"Lopez, Miss. Elizabeth",female,21.1,0,0,CA75214,11.76,,S
829,0,3,"Harris, Mr. Kenneth",male,20.0,1,0,STON/O2941669,10.6,,C
830,0,3,"Rivera, Mr. Joseph",male,42.4,5,0,PC509387,9.3,,S
831,0,1,"Allen, Mr. Kenneth",male,44.6,0,2,PC477836,25.0,,S
832,0,3,"Nelson, Mr. Matthew",male,43.0,1,1,CA397233,25.36,,Q
833,0,1,"Jones, Mr. Anthony",male,,0,0,561818,25.0,E48,S
834,1,1,"Mitchell, Miss. Patricia",female,44.6,4,0,STON/O2626813,37.62,C81,S
835,0,3,"Ramirez, Mr. James",male,30.0,0,0,W./C.554153,20.57,,S
836,1,2,"Robinson, Mr. Robert",male,,1,0,STON/O2924373,31.55,,S
837,1,3,"Lee, Mrs. Donna",female,32.8,0,0,A/5622686,20.71,,S
838,1,2,"Ramirez, Miss. Donna",female,36.8,0,0,STON/O2677377,27.15,,S
839,0,3,"Sanchez, Mr. Mark",male,42.8,0,0,STON/O2471457,20.14,,S
840,0,3,"Jackson, Mr. Michael",male,33.4,4,0,986261,13.94,,C
841,0,1,"Sanchez, Mr. James",male,32.4,1,4,STON/O2777260,209.18,,S
842,1,3,"Lee, Master. David",male,2.1,1,0,STON/O2873829,7.78,,S
843,1,1,"Flores, Mr. Paul",male,28.7,2,2,PC161357,54.56,D90,S
844,0,3,"Hall, Dr. Matthew",male,28.4,0,0,W./C.143299,4.0,,S
845,1,1,"Garcia, Miss. Margaret",female,25.7,0,0,STON/O2755695,101.85,E59,S
846,1,2,"Miller, Mr. Joseph",male,39.4,0,0,STON/O2145670,26.46,,C
847,0,1,"Ramirez, Mr. Andrew",male,27.6,0,0,548113,31.85,C100,S
848,0,3,"Sanchez, Mr. George",male,,0,0,W./C.133792,8.79,,C
849,0,3,"Garcia, Mr. Anthony",male,,0,0,232971,17.01,,C
850,1,3,"Martin, Mrs. Nancy",female,16.5,0,0,STON/O2506349,9.86,,S
851,1,1,"Anderson, Miss. Nancy",female,,0,0,CA792758,72.99,B57,S
852,1,3,"Roberts, Miss. Barbara",female,15.1,0,0,PC999928,4.0,,S
853,0,1,"Jones, Mr. George",male,47.9,0,0,W./C.397272,158.75,,S
854,0,3,"Green, Mr. Michael",male,,4,0,CA640823,17.33,,C
855,0,1,"King, Dr. George",male,,1,0,STON/O2125695,89.03,A57,C
856,0,1,"Gonzalez, Mr. Matthew",male,33.3,3,0,CA397538,120.03,,S
857,0,1,"Thompson, Master. William",male,8.8,0,0,W./C.313657,91.7,,S
858,1,3,"Thomas, Mrs. Linda",female,27.2,0,2,CA558171,26.81,,Q
859,0,3,"Martinez, Mr. Thomas",male,29.6,1,0,PC133461,4.0,,Q
860,1,1,"Gonzalez, Mr. David",male,11.9,0,0,A/5329736,76.06,D74,S
861,0,3,"Hill, Mr. William",male,31.7,0,0,A/5327991,4.0,,S
862,0,3,"Carter, Mr. Robert",male,4.1,0,0,A/5519529,26.51,,S
863,0,3,"Lopez, Mr. Steven",male,45.0,0,0,CA839637,15.39,,Q
864,1,2,"Robinson, Miss. Donna",female,30.7,0,0,PC159044,18.68,,S
865,1,2,"Carter, Mrs. Donna",female,58.2,0,0,W./C.452244,17.67,,S
866,1,3,"Lewis, Miss. Donna",female,,0,1,CA992327,10.12,,S
867,1,1,"Adams, Mr. Edward",male,30.5,0,0,A/5942244,147.52,,S
868,1,1,"Lee, Mr. Daniel",male,24.8,0,0,A/5236053,72.44,E96,S
869,0,3,"Martinez, Mr. Paul",male,25.2,1,0,PC868914,11.32,,nan
870,0,3,"Jones, Mr. Steven",male,17.9,0,2,522537,28.15,,S
871,1,2,"Lewis, Miss. Karen",female,34.7,0,0,CA138270,10.0,E55,S
872,0,2,"Moore, Mr. Andrew",male,60.9,1,0,W./C.375584,13.61,,S
873,0,3,"Brown, Mr. Matthew",male,47.7,0,0,CA922708,7.23,,S
874,1,2,"Allen, Mr. Robert",male,22.6,0,1,CA447859,29.19,,S
875,1,1,"Martin, Mr. Paul",male,,0,4,STON/O2610896,25.0,E21,S
876,1,1,"Lewis, Mrs. Patricia",female,33.0,0,0,A/5603246,34.64,A23,S
877,0,3,"Brown, Mr. Matthew",male,21.6,0,1,STON/O2954019,19.55,,S
878,0,3,"Jackson, Mr. Robert",male,34.5,1,1,A/5829304,16.72,,S
879,1,1,"Adams, Mr. Robert",male,,0,0,STON/O2508312,116.49,E107,S
880,1,1,"Flores, Mr. Edward",male,,0,0,884180,79.54,B51,Q
881,1,1,"Allen, Miss. Betty",female,,0,0,W./C.149260,25.0,C45,Q
882,0,3,"Robinson, Mrs. Donna",female,47.0,0,3,PC539283,22.75,,S
883,1,1,"Scott, Mrs. Patricia",female,38.2,0,0,493326,40.12,,S
884,1,1,"Lewis, Miss. Donna",female,14.7,0,1,STON/O2709631,151.01,C29,C
885,0,3,"Adams, Mr. Richard",male,,0,0,STON/O2166219,14.29,,S
886,1,1,"Lee, Mrs. Michelle",female,24.8,0,0,351013,81.63,E81,C
887,0,3,"Walker, Mr. George",male,16.7,0,0,CA848663,20.65,,Q
888,1,1,"Martinez, Mr. John",male,53.8,0,0,W./C.706781,52.29,C80,S
889,1,1,"Lewis, Mrs. Linda",female,46.6,1,1,W./C.439526,91.78,B100,S
890,1,2,"Perez, Mr. Robert",male,,0,1,STON/O2254131,35.31,,Q
891,1,3,"Allen, Mrs. Barbara",female,28.2,0,1,STON/O2365465,12.51,,S
